{"cameraMode":{"drawMode":0,"name":"Shaded","section":"Shading Mode"},"sceneLighting":true,"audioPlay":false,"sceneViewState":{"showFog":true,"showMaterialUpdate":true,"showSkybox":true,"showFlares":true,"showImageEffects":true,"showParticleSystems":true},"in2DMode":false,"pivot":{"x":-0.126220703125,"y":-0.139190673828125,"z":0.03216552734375},"rotation":{"x":0.0026798073668032886,"y":-0.44976237416267397,"z":0.0013485944364219905,"w":0.8931458592414856},"size":0.4381844103336334,"orthographic":true}